Unit;kWh;kWh;kWh;kWh;kWh;kWh;
Version;1_0;1_0;1_0;1_0;1_0;1_0;
01.09.2021 00:00 - 01:00;ff;-40,000.00f;ff;-54,951.00f;0.00;94,951.00
01.09.2021 01:00 - 02:00;ff;-40,000.00f;ff;-43,122.00f;0.00;83,122.00
01.09.2021 02:00 - 03:00;ff;-40,000.00f;ff;-39,520.00f;0.00;79,520.00
01.09.2021 03:00 - 04:00;ff;-40,000.00f;ff;-57,537.00f;0.00;97,537.00
01.09.2021 04:00 - 05:00;ff;-40,000.00f;ff;-8,455.00f;0.00;48,455.00
01.09.2021 05:00 - 06:00;ff;-40,000.00f;ff;-50,108.00f;0.00;90,108.00
01.09.2021 06:00 - 07:00;ff;-40,000.00f;ff;-46,653.00f;0.00;86,653.00
01.09.2021 07:00 - 08:00;ff;-120,000.00f;ff;-3,668.00f;0.00;123,668.00
01.09.2021 08:00 - 09:00;ff;-120,000.00f;12,000.00f;-3,139.00f;0.00;111,139.00
01.09.2021 09:00 - 10:00;ff;-120,000.00f;80,000.00f;-9,656.00f;0.00;49,656.00
01.09.2021 10:00 - 11:00;ff;-120,000.00f;21,333.33f;-31,265.33f;0.00;129,932.00
01.09.2021 11:00 - 12:00;ff;-40,000.00f;ff;-37,006.00f;0.00;77,006.00
01.09.2021 12:00 - 13:00;ff;-40,000.00f;ff;-22,722.00f;0.00;62,722.00
01.09.2021 13:00 - 14:00;ff;-40,000.00f;ff;-38,724.00f;0.00;78,724.00
01.09.2021 14:00 - 15:00;ff;-120,000.00f;52,000.00f;-14,587.00f;0.00;82,587.00
01.09.2021 15:00 - 16:00;ff;-120,000.00f;36,000.00f;-1,397.00f;0.00;85,397.00
01.09.2021 16:00 - 17:00;ff;-136,000.00f;36,800.00f;-31,879.00f;0.00;131,079.00
01.09.2021 17:00 - 18:00;ff;-130,000.00f;40,000.00f;-12,415.00f;0.00;102,415.00
01.09.2021 18:00 - 19:00;ff;-40,000.00f;ff;-47,707.00f;0.00;87,707.00
01.09.2021 19:00 - 20:00;ff;-40,000.00f;ff;-32,331.00f;0.00;72,331.00
01.09.2021 20:00 - 21:00;ff;-40,000.00f;ff;-27,932.00f;0.00;67,932.00
01.09.2021 21:00 - 22:00;ff;-40,000.00f;ff;-14,627.00f;0.00;54,627.00
01.09.2021 22:00 - 23:00;ff;-40,000.00f;ff;-9,434.00f;0.00;49,434.00
01.09.2021 23:00 - 24:00;ff;-60,000.00f;ff;-23,141.00f;0.00;83,141.00
02.09.2021 00:00 - 01:00;ff;-40,000.00f;ff;-50,164.00f;0.00;90,164.00
02.09.2021 01:00 - 02:00;ff;-40,000.00f;ff;-9.00f;0.00;40,009.00
02.09.2021 02:00 - 03:00;ff;-40,000.00f;ff;-43,234.00f;0.00;83,234.00
02.09.2021 03:00 - 04:00;ff;-40,000.00f;ff;-7,642.00f;0.00;47,642.00
02.09.2021 04:00 - 05:00;ff;-40,000.00f;ff;-54,543.00f;0.00;94,543.00
02.09.2021 05:00 - 06:00;ff;-40,000.00f;ff;-59,570.00f;0.00;99,570.00
02.09.2021 06:00 - 07:00;ff;-40,000.00f;ff;-49,222.00f;0.00;89,222.00
02.09.2021 07:00 - 08:00;ff;-140,000.00f;ff;-18,337.00f;0.00;158,337.00
02.09.2021 08:00 - 09:00;ff;-90,000.00f;ff;-25,055.00f;0.00;115,055.00
02.09.2021 09:00 - 10:00;ff;-140,000.00f;ff;-21,128.00f;0.00;161,128.00
02.09.2021 10:00 - 11:00;ff;-100,000.00f;ff;-22,282.00f;0.00;122,282.00
02.09.2021 11:00 - 12:00;ff;-28,477.00f;ff;ff;0.00;28,477.00
02.09.2021 12:00 - 13:00;ff;-40,000.00f;ff;-15,552.00f;0.00;55,552.00
02.09.2021 13:00 - 14:00;ff;-40,000.00f;ff;-9,230.00f;0.00;49,230.00
02.09.2021 14:00 - 15:00;ff;-40,000.00f;ff;-43,124.00f;0.00;83,124.00
02.09.2021 15:00 - 16:00;ff;-40,000.00f;ff;-20,965.00f;0.00;60,965.00
02.09.2021 16:00 - 17:00;ff;-85,000.00f;36,750.00f;-6,728.00f;0.00;54,978.00
02.09.2021 17:00 - 18:00;ff;-20,000.00f;ff;-22,837.00f;0.00;42,837.00
02.09.2021 18:00 - 19:00;ff;-40,000.00f;ff;-22,388.00f;0.00;62,388.00
02.09.2021 19:00 - 20:00;ff;-40,000.00f;ff;-3,908.00f;0.00;43,908.00
02.09.2021 20:00 - 21:00;ff;-40,000.00f;ff;-35,731.00f;0.00;75,731.00
02.09.2021 21:00 - 22:00;ff;-111,000.00f;49,700.00f;-4,453.00f;0.00;65,753.00
02.09.2021 22:00 - 23:00;ff;-20,000.00f;ff;-16,054.00f;0.00;36,054.00
02.09.2021 23:00 - 24:00;ff;-40,000.00f;ff;-24,809.00f;0.00;64,809.00
03.09.2021 00:00 - 01:00;ff;-40,000.00f;ff;-31,111.00;0.00;71,111.00
03.09.2021 01:00 - 02:00;ff;-40,000.00f;ff;-41,755.00;0.00;81,755.00
03.09.2021 02:00 - 03:00;ff;-40,000.00f;ff;-26,030.00;0.00;66,030.00
03.09.2021 03:00 - 04:00;ff;-40,000.00f;ff;-32,478.00;0.00;72,478.00
03.09.2021 04:00 - 05:00;ff;-40,000.00f;ff;-5,794.00;0.00;45,794.00
03.09.2021 05:00 - 06:00;ff;-40,000.00f;ff;-33,531.00;0.00;73,531.00
03.09.2021 06:00 - 07:00;ff;-40,000.00f;ff;-60,383.00;0.00;100,383.00
03.09.2021 07:00 - 08:00;ff;-140,000.00f;ff;-13,902.00;0.00;153,902.00
03.09.2021 08:00 - 09:00;ff;-60,000.00f;ff;-4,846.00;0.00;64,846.00
03.09.2021 09:00 - 10:00;ff;-38,054.67f;19,666.67f;0.00;0.00;18,388.00
03.09.2021 10:00 - 11:00;277.00f;ff;ff;0.00;-277.00;0.00
03.09.2021 11:00 - 12:00;ff;-20,000.00f;ff;-29,434.00;0.00;49,434.00
03.09.2021 12:00 - 13:00;ff;-20,000.00f;ff;-26,994.00;0.00;46,994.00
03.09.2021 13:00 - 14:00;ff;-20,000.00f;ff;-45,050.00;0.00;65,050.00
03.09.2021 14:00 - 15:00;ff;-592.00f;ff;0.00;0.00;592.00
03.09.2021 15:00 - 16:00;ff;-27,664.00f;ff;0.00;0.00;27,664.00
03.09.2021 16:00 - 17:00;ff;-185.00f;ff;0.00;0.00;185.00
03.09.2021 17:00 - 18:00;ff;-5,710.00f;ff;0.00;0.00;5,710.00
03.09.2021 18:00 - 19:00;ff;-92,000.00f;16,766.67f;-55,734.67;0.00;130,968.00
03.09.2021 19:00 - 20:00;ff;-144,000.00f;ff;-9,550.00;0.00;153,550.00
03.09.2021 20:00 - 21:00;ff;-144,000.00f;ff;-22,376.00;0.00;166,376.00
03.09.2021 21:00 - 22:00;ff;-144,000.00f;ff;-292.00;0.00;144,292.00
03.09.2021 22:00 - 23:00;ff;-144,000.00f;666.67f;-7,407.67;0.00;150,741.00
03.09.2021 23:00 - 24:00;ff;-40,000.00f;ff;-15,994.00;0.00;55,994.00
04.09.2021 00:00 - 01:00;ff;-40,000.00f;ff;-13,647.00;0.00;53,647.00
04.09.2021 01:00 - 02:00;ff;-40,000.00f;ff;-40,093.00;0.00;80,093.00
04.09.2021 02:00 - 03:00;ff;-40,000.00f;ff;-39,372.00;0.00;79,372.00
04.09.2021 03:00 - 04:00;ff;-40,000.00f;ff;-17,731.00;0.00;57,731.00
04.09.2021 04:00 - 05:00;ff;-40,000.00f;ff;-26,399.00;0.00;66,399.00
04.09.2021 05:00 - 06:00;ff;-40,000.00f;ff;-42,568.00;0.00;82,568.00
04.09.2021 06:00 - 07:00;ff;-20,000.00f;ff;-24,500.00;0.00;44,500.00
04.09.2021 07:00 - 08:00;ff;-144,000.00f;104,000.00f;-1,469.00;0.00;41,469.00
04.09.2021 08:00 - 09:00;ff;-144,000.00f;104,000.00f;-15,902.00;0.00;55,902.00
04.09.2021 09:00 - 10:00;ff;-29,229.00f;24,000.00f;0.00;0.00;5,229.00
04.09.2021 10:00 - 11:00;221.00f;ff;ff;0.00;-221.00;0.00
04.09.2021 11:00 - 12:00;222.00f;ff;ff;0.00;-222.00;0.00
04.09.2021 12:00 - 13:00;ff;-1,848.00f;ff;0.00;0.00;1,848.00
04.09.2021 13:00 - 14:00;ff;-20,000.00f;ff;-14,337.00;0.00;34,337.00
04.09.2021 14:00 - 15:00;204.00f;ff;ff;0.00;-204.00;0.00
04.09.2021 15:00 - 16:00;ff;-19,816.00f;20,000.00f;0.00;-184.00;0.00
04.09.2021 16:00 - 17:00;ff;-10,847.00f;ff;0.00;0.00;10,847.00
04.09.2021 17:00 - 18:00;ff;-60,000.00f;15,333.33f;-23,247.33;0.00;67,914.00
04.09.2021 18:00 - 19:00;ff;-144,000.00f;ff;-38,564.00;0.00;182,564.00
04.09.2021 19:00 - 20:00;ff;-144,000.00f;ff;-47,084.00;0.00;191,084.00
04.09.2021 20:00 - 21:00;ff;-92,000.00f;ff;-79,272.00;0.00;171,272.00
04.09.2021 21:00 - 22:00;ff;-144,000.00f;ff;-26,349.00;0.00;170,349.00
04.09.2021 22:00 - 23:00;ff;-144,000.00f;ff;-38,453.00;0.00;182,453.00
04.09.2021 23:00 - 24:00;ff;-92,000.00f;ff;-37,156.00;0.00;129,156.00
05.09.2021 00:00 - 01:00;ff;-40,000.00f;ff;-23,275.00f;0.00;63,275.00
05.09.2021 01:00 - 02:00;ff;-40,000.00f;ff;-19,469.00f;0.00;59,469.00
05.09.2021 02:00 - 03:00;ff;-40,000.00f;ff;-3,539.00f;0.00;43,539.00
05.09.2021 03:00 - 04:00;ff;-40,000.00f;ff;-62,268.00f;0.00;102,268.00
05.09.2021 04:00 - 05:00;ff;-40,000.00f;ff;-55,413.00f;0.00;95,413.00
05.09.2021 05:00 - 06:00;ff;-40,000.00f;ff;-62,175.00f;0.00;102,175.00
05.09.2021 06:00 - 07:00;ff;-40,000.00f;ff;-51,439.00f;0.00;91,439.00
05.09.2021 07:00 - 08:00;ff;-106,524.00f;82,000.00f;ff;0.00;24,524.00
05.09.2021 08:00 - 09:00;ff;-121,694.00f;82,000.00f;ff;0.00;39,694.00
05.09.2021 09:00 - 10:00;ff;-32,247.00f;26,000.00f;ff;0.00;6,247.00
05.09.2021 10:00 - 11:00;ff;-6,689.00f;ff;ff;0.00;6,689.00
05.09.2021 11:00 - 12:00;ff;-20,000.00f;ff;-42,685.00f;0.00;62,685.00
05.09.2021 12:00 - 13:00;ff;-20,000.00f;ff;-59,186.00f;0.00;79,186.00
05.09.2021 13:00 - 14:00;ff;-20,000.00f;ff;-48,894.00f;0.00;68,894.00
05.09.2021 14:00 - 15:00;ff;-20,000.00f;ff;-10,622.00f;0.00;30,622.00
05.09.2021 15:00 - 16:00;ff;-20,000.00f;ff;-19,436.00f;0.00;39,436.00
05.09.2021 16:00 - 17:00;ff;-144,000.00f;104,000.00f;-21,187.00f;0.00;61,187.00
05.09.2021 17:00 - 18:00;ff;-40,000.00f;ff;-4,407.00f;0.00;44,407.00
05.09.2021 18:00 - 19:00;ff;-144,000.00f;52,000.00f;-22,447.00f;0.00;114,447.00
05.09.2021 19:00 - 20:00;ff;-144,000.00f;ff;-22,412.00f;0.00;166,412.00
05.09.2021 20:00 - 21:00;ff;-144,000.00f;ff;-8,516.00f;0.00;152,516.00
05.09.2021 21:00 - 22:00;ff;-144,000.00f;ff;-5,799.00f;0.00;149,799.00
05.09.2021 22:00 - 23:00;ff;-80,000.00f;17,333.33f;-1,735.33f;0.00;64,402.00
05.09.2021 23:00 - 24:00;ff;-92,000.00f;36,400.00f;-7,121.00f;0.00;62,721.00
06.09.2021 00:00 - 01:00;ff;-37,015.00f;ff;0.00;0.00;37,015.00
06.09.2021 01:00 - 02:00;ff;-27,536.00f;ff;0.00;0.00;27,536.00
06.09.2021 02:00 - 03:00;ff;-5,396.00f;ff;0.00;0.00;5,396.00
06.09.2021 03:00 - 04:00;185.00f;ff;ff;0.00;-185.00;0.00
06.09.2021 04:00 - 05:00;73.00f;ff;ff;0.00;-73.00;0.00
06.09.2021 05:00 - 06:00;ff;-40,000.00f;ff;-33,771.00;0.00;73,771.00
06.09.2021 06:00 - 07:00;ff;-40,000.00f;ff;-90,062.00;0.00;130,062.00
06.09.2021 07:00 - 08:00;ff;-67,000.00f;ff;-25,807.00;0.00;92,807.00
06.09.2021 08:00 - 09:00;ff;-67,000.00f;ff;-8,066.00;0.00;75,066.00
06.09.2021 09:00 - 10:00;ff;-67,000.00f;9,000.00f;-64.00;0.00;58,064.00
06.09.2021 10:00 - 11:00;ff;-67,000.00f;27,000.00f;-4,740.00;0.00;44,740.00
06.09.2021 11:00 - 12:00;ff;-67,000.00f;27,000.00f;-2,449.00;0.00;42,449.00
06.09.2021 12:00 - 13:00;ff;-34,854.00f;27,000.00f;0.00;0.00;7,854.00
06.09.2021 13:00 - 14:00;ff;-44,925.00f;27,000.00f;0.00;0.00;17,925.00
06.09.2021 14:00 - 15:00;ff;-37,239.00f;27,000.00f;0.00;0.00;10,239.00
06.09.2021 15:00 - 16:00;ff;-67,000.00f;27,000.00f;-25,363.00;0.00;65,363.00
06.09.2021 16:00 - 17:00;ff;-66,695.00f;27,000.00f;0.00;0.00;39,695.00
06.09.2021 17:00 - 18:00;ff;-144,000.00f;45,066.67f;-41,125.67;0.00;140,059.00
06.09.2021 18:00 - 19:00;ff;-92,000.00f;ff;-55,379.00;0.00;147,379.00
06.09.2021 19:00 - 20:00;ff;-144,000.00f;ff;-40,726.00;0.00;184,726.00
06.09.2021 20:00 - 21:00;ff;-144,000.00f;ff;-59,742.00;0.00;203,742.00
06.09.2021 21:00 - 22:00;ff;-144,000.00f;ff;-6,168.00;0.00;150,168.00
06.09.2021 22:00 - 23:00;ff;-92,000.00f;15,600.00f;-3,471.00;0.00;79,871.00
06.09.2021 23:00 - 24:00;ff;-108,272.00f;70,000.00f;0.00;0.00;38,272.00
07.09.2021 00:00 - 01:00;ff;-40,000.00f;ff;-14,220.00;0.00;54,220.00
07.09.2021 01:00 - 02:00;ff;-40,000.00f;ff;-22,592.00;0.00;62,592.00
07.09.2021 02:00 - 03:00;ff;-40,000.00f;ff;-57,537.00;0.00;97,537.00
07.09.2021 03:00 - 04:00;ff;-40,000.00f;ff;-44,362.00;0.00;84,362.00
07.09.2021 04:00 - 05:00;ff;-40,000.00f;ff;-53,582.00;0.00;93,582.00
07.09.2021 05:00 - 06:00;ff;-13,731.00f;ff;0.00;0.00;13,731.00
07.09.2021 06:00 - 07:00;ff;-40,000.00f;ff;-67,554.00;0.00;107,554.00
07.09.2021 07:00 - 08:00;ff;-122,000.00f;ff;-4,458.00;0.00;126,458.00
07.09.2021 08:00 - 09:00;ff;-122,000.00f;2,133.33f;-12,118.33;0.00;131,985.00
07.09.2021 09:00 - 10:00;ff;-64,000.00f;22,400.00f;-552.00;0.00;42,152.00
07.09.2021 10:00 - 11:00;ff;-64,000.00f;24,000.00f;-19,063.00;0.00;59,063.00
07.09.2021 11:00 - 12:00;ff;-24,702.00f;24,000.00f;0.00;0.00;702.00
07.09.2021 12:00 - 13:00;ff;-23,871.00f;24,000.00f;0.00;-129.00;0.00
07.09.2021 13:00 - 14:00;ff;-127,000.00f;87,000.00f;-12,870.00;0.00;52,870.00
07.09.2021 14:00 - 15:00;ff;-127,000.00f;87,000.00f;-15,939.00;0.00;55,939.00
07.09.2021 15:00 - 16:00;ff;-127,000.00f;87,000.00f;-27,342.00;0.00;67,342.00
07.09.2021 16:00 - 17:00;ff;-60,000.00f;20,000.00f;-29,577.00;0.00;69,577.00
07.09.2021 17:00 - 18:00;ff;-92,000.00f;24,266.67f;-50,519.67;0.00;118,253.00
07.09.2021 18:00 - 19:00;ff;-40,000.00f;ff;-24,200.00;0.00;64,200.00
07.09.2021 19:00 - 20:00;ff;-66,000.00f;ff;-72,027.00;0.00;138,027.00
07.09.2021 20:00 - 21:00;ff;-144,000.00f;ff;-53,717.00;0.00;197,717.00
07.09.2021 21:00 - 22:00;ff;-122,000.00f;ff;-27,152.00;0.00;149,152.00
07.09.2021 22:00 - 23:00;ff;-66,000.00f;3,900.00f;-4,410.00;0.00;66,510.00
07.09.2021 23:00 - 24:00;ff;-40,000.00f;ff;-30,335.00;0.00;70,335.00
08.09.2021 00:00 - 01:00;ff;-40,000.00f;ff;-78,642.00;0.00;118,642.00
08.09.2021 01:00 - 02:00;ff;-40,000.00f;ff;-34,382.00;0.00;74,382.00
08.09.2021 02:00 - 03:00;ff;-40,000.00f;ff;-58,424.00;0.00;98,424.00
08.09.2021 03:00 - 04:00;ff;-40,000.00f;ff;-51,698.00;0.00;91,698.00
08.09.2021 04:00 - 05:00;ff;-40,000.00f;ff;-17,140.00;0.00;57,140.00
08.09.2021 05:00 - 06:00;ff;-40,000.00f;ff;-46,486.00;0.00;86,486.00
08.09.2021 06:00 - 07:00;ff;-40,000.00f;ff;-42,015.00;0.00;82,015.00
08.09.2021 07:00 - 08:00;ff;-60,000.00f;ff;-7,544.00;0.00;67,544.00
08.09.2021 08:00 - 09:00;ff;-83,000.00f;ff;-19,065.00;0.00;102,065.00
08.09.2021 09:00 - 10:00;ff;-66,000.00f;13,000.00f;-4,787.00;0.00;57,787.00
08.09.2021 10:00 - 11:00;ff;-67,000.00f;27,000.00f;-8,547.00;0.00;48,547.00
08.09.2021 11:00 - 12:00;ff;-26,704.00f;27,000.00f;0.00;-296.00;0.00
08.09.2021 12:00 - 13:00;ff;-33,146.00f;23,850.00f;0.00;0.00;9,296.00
08.09.2021 13:00 - 14:00;ff;-54,645.00f;27,000.00f;0.00;0.00;27,645.00
08.09.2021 14:00 - 15:00;ff;-67,000.00f;27,000.00f;-39,539.00;0.00;79,539.00
08.09.2021 15:00 - 16:00;ff;-40,000.00f;ff;-20,430.00;0.00;60,430.00
08.09.2021 16:00 - 17:00;ff;-64,000.00f;24,000.00f;-6,624.00;0.00;46,624.00
08.09.2021 17:00 - 18:00;ff;-74,000.00f;24,933.33f;-46,457.33;0.00;95,524.00
08.09.2021 18:00 - 19:00;ff;-144,000.00f;ff;-14,096.00;0.00;158,096.00
08.09.2021 19:00 - 20:00;ff;-144,000.00f;ff;-35,718.00;0.00;179,718.00
08.09.2021 20:00 - 21:00;ff;-144,000.00f;ff;-48,248.00;0.00;192,248.00
08.09.2021 21:00 - 22:00;ff;-144,000.00f;ff;-30,396.00;0.00;174,396.00
08.09.2021 22:00 - 23:00;ff;-92,000.00f;ff;-13,058.00;0.00;105,058.00
08.09.2021 23:00 - 24:00;ff;-40,000.00f;ff;-15,828.00;0.00;55,828.00
09.09.2021 00:00 - 01:00;ff;-40,000.00f;ff;-63,155.00;0.00;103,155.00
09.09.2021 01:00 - 02:00;ff;-40,000.00f;ff;-59,699.00;0.00;99,699.00
09.09.2021 02:00 - 03:00;ff;-40,000.00f;ff;-35,141.00;0.00;75,141.00
09.09.2021 03:00 - 04:00;ff;-40,000.00f;ff;-26,989.00;0.00;66,989.00
09.09.2021 04:00 - 05:00;ff;-40,000.00f;ff;-27,213.00;0.00;67,213.00
09.09.2021 05:00 - 06:00;ff;-40,000.00f;ff;-48,112.00;0.00;88,112.00
09.09.2021 06:00 - 07:00;ff;-40,000.00f;ff;-51,994.00;0.00;91,994.00
09.09.2021 07:00 - 08:00;ff;-92,000.00f;ff;-15,664.00;0.00;107,664.00
09.09.2021 08:00 - 09:00;ff;-92,000.00f;ff;-456.00;0.00;92,456.00
09.09.2021 09:00 - 10:00;ff;-92,000.00f;13,866.67f;-6,762.67;0.00;84,896.00
09.09.2021 10:00 - 11:00;ff;-54,739.00f;27,000.00f;0.00;0.00;27,739.00
09.09.2021 11:00 - 12:00;ff;-26,704.00f;27,000.00f;0.00;-296.00;0.00
09.09.2021 12:00 - 13:00;ff;-26,778.00f;27,000.00f;0.00;-222.00;0.00
09.09.2021 13:00 - 14:00;ff;-67,000.00f;27,000.00f;-1,913.00;0.00;41,913.00
09.09.2021 14:00 - 15:00;ff;-67,000.00f;27,000.00f;-15,421.00;0.00;55,421.00
09.09.2021 15:00 - 16:00;ff;-40,000.00f;ff;-44,195.00;0.00;84,195.00
09.09.2021 16:00 - 17:00;ff;-40,000.00f;ff;-14,147.00;0.00;54,147.00
09.09.2021 17:00 - 18:00;ff;-92,000.00f;35,533.33f;-39,555.33;0.00;96,022.00
09.09.2021 18:00 - 19:00;ff;-92,000.00f;ff;-40,465.00;0.00;132,465.00
09.09.2021 19:00 - 20:00;ff;-144,000.00f;ff;-30,248.00;0.00;174,248.00
09.09.2021 20:00 - 21:00;ff;-144,000.00f;ff;-29,675.00;0.00;173,675.00
09.09.2021 21:00 - 22:00;ff;-144,000.00f;733.33f;-10,394.33;0.00;153,661.00
09.09.2021 22:00 - 23:00;ff;-92,000.00f;866.67f;-8,085.67;0.00;99,219.00
09.09.2021 23:00 - 24:00;ff;-40,000.00f;ff;-34,567.00;0.00;74,567.00
10.09.2021 00:00 - 01:00;ff;-40,000.00f;ff;-35,029.00;0.00;75,029.00
10.09.2021 01:00 - 02:00;ff;-40,000.00f;ff;-50,330.00;0.00;90,330.00
10.09.2021 02:00 - 03:00;ff;-40,000.00f;ff;-36,082.00;0.00;76,082.00
10.09.2021 03:00 - 04:00;ff;-40,000.00f;ff;-55,782.00;0.00;95,782.00
10.09.2021 04:00 - 05:00;ff;-40,000.00f;ff;-971.00;0.00;40,971.00
10.09.2021 05:00 - 06:00;ff;-40,000.00f;ff;-38,225.00;0.00;78,225.00
10.09.2021 06:00 - 07:00;ff;-40,000.00f;ff;-74,853.00;0.00;114,853.00
10.09.2021 07:00 - 08:00;ff;-144,000.00f;ff;-7,425.00;0.00;151,425.00
10.09.2021 08:00 - 09:00;ff;-144,000.00f;ff;-22,098.00;0.00;166,098.00
10.09.2021 09:00 - 10:00;ff;-129,476.33f;48,533.33f;0.00;0.00;80,943.00
10.09.2021 10:00 - 11:00;ff;-40,000.00f;ff;-9,139.00;0.00;49,139.00
10.09.2021 11:00 - 12:00;ff;-17,519.00f;ff;0.00;0.00;17,519.00
10.09.2021 12:00 - 13:00;ff;-905.00f;ff;0.00;0.00;905.00
10.09.2021 13:00 - 14:00;ff;-40,000.00f;ff;-32,867.00;0.00;72,867.00
10.09.2021 14:00 - 15:00;ff;-40,000.00f;ff;-40,073.00;0.00;80,073.00
10.09.2021 15:00 - 16:00;ff;-40,000.00f;ff;-5,054.00;0.00;45,054.00
10.09.2021 16:00 - 17:00;ff;-40,000.00f;ff;-13,481.00;0.00;53,481.00
10.09.2021 17:00 - 18:00;ff;-40,000.00f;ff;-47,707.00;0.00;87,707.00
10.09.2021 18:00 - 19:00;ff;-40,000.00f;ff;-73,171.00;0.00;113,171.00
10.09.2021 19:00 - 20:00;ff;-144,000.00f;ff;-24,316.00;0.00;168,316.00
10.09.2021 20:00 - 21:00;ff;-144,000.00f;ff;-33,297.00;0.00;177,297.00
10.09.2021 21:00 - 22:00;ff;-144,000.00f;ff;-10,641.00;0.00;154,641.00
10.09.2021 22:00 - 23:00;ff;-98,000.00f;ff;-8,346.00;0.00;106,346.00
10.09.2021 23:00 - 24:00;ff;-63,000.00f;ff;-71,883.00;0.00;134,883.00
11.09.2021 00:00 - 01:00;ff;-40,000.00f;ff;-36,729.00;0.00;76,729.00
11.09.2021 01:00 - 02:00;ff;-40,000.00f;ff;-39,126.00;0.00;79,126.00
11.09.2021 02:00 - 03:00;ff;-40,000.00f;ff;-39,463.00;0.00;79,463.00
11.09.2021 03:00 - 04:00;ff;-40,000.00f;ff;-15,126.00;0.00;55,126.00
11.09.2021 04:00 - 05:00;ff;-40,000.00f;ff;-50,944.00;0.00;90,944.00
11.09.2021 05:00 - 06:00;ff;-40,000.00f;ff;-18,840.00;0.00;58,840.00
11.09.2021 06:00 - 07:00;ff;-40,000.00f;ff;-46,390.00;0.00;86,390.00
11.09.2021 07:00 - 08:00;ff;-144,000.00f;104,000.00f;-243.00;0.00;40,243.00
11.09.2021 08:00 - 09:00;ff;-144,000.00f;104,000.00f;-1,054.00;0.00;41,054.00
11.09.2021 09:00 - 10:00;ff;-144,000.00f;104,000.00f;-758.00;0.00;40,758.00
11.09.2021 10:00 - 11:00;ff;-40,000.00f;ff;-708.00;0.00;40,708.00
11.09.2021 11:00 - 12:00;ff;-40,000.00f;ff;-742.00;0.00;40,742.00
11.09.2021 12:00 - 13:00;ff;-40,000.00f;ff;-744.00;0.00;40,744.00
11.09.2021 13:00 - 14:00;ff;-5,092.00f;ff;0.00;0.00;5,092.00
11.09.2021 14:00 - 15:00;ff;-270.00f;ff;0.00;0.00;270.00
11.09.2021 15:00 - 16:00;ff;-40,000.00f;ff;-43,339.00;0.00;83,339.00
11.09.2021 16:00 - 17:00;ff;-40,000.00f;ff;-71,704.00;0.00;111,704.00
11.09.2021 17:00 - 18:00;ff;-40,000.00f;ff;-137,731.00;0.00;177,731.00
11.09.2021 18:00 - 19:00;ff;-144,000.00f;ff;-36,059.00;0.00;180,059.00
11.09.2021 19:00 - 20:00;ff;-92,000.00f;ff;-38,423.00;0.00;130,423.00
11.09.2021 20:00 - 21:00;ff;-92,000.00f;ff;-38,389.00;0.00;130,389.00
11.09.2021 21:00 - 22:00;ff;-122,000.00f;ff;-51,913.00;0.00;173,913.00
11.09.2021 22:00 - 23:00;ff;-92,000.00f;15,733.33f;-6,819.33;0.00;83,086.00
11.09.2021 23:00 - 24:00;ff;-92,000.00f;ff;-17,103.00;0.00;109,103.00
12.09.2021 00:00 - 01:00;ff;-40,000.00f;ff;-39,427.00;0.00;79,427.00
12.09.2021 01:00 - 02:00;ff;-40,000.00f;ff;-62,247.00;0.00;102,247.00
12.09.2021 02:00 - 03:00;ff;-40,000.00f;ff;-55,319.00;0.00;95,319.00
12.09.2021 03:00 - 04:00;ff;-40,000.00f;ff;-31,068.00;0.00;71,068.00
12.09.2021 04:00 - 05:00;ff;-40,000.00f;ff;-24,418.00;0.00;64,418.00
12.09.2021 05:00 - 06:00;ff;-40,000.00f;ff;-55,723.00;0.00;95,723.00
12.09.2021 06:00 - 07:00;ff;-40,000.00f;ff;-50,380.00;0.00;90,380.00
12.09.2021 07:00 - 08:00;ff;-102,000.00f;49,600.00f;-21,050.00;0.00;73,450.00
12.09.2021 08:00 - 09:00;ff;-62,000.00f;11,733.33f;-17,142.33;0.00;67,409.00
12.09.2021 09:00 - 10:00;ff;-62,000.00f;1,100.00f;-23,125.00;0.00;84,025.00
12.09.2021 10:00 - 11:00;ff;-62,000.00f;22,000.00f;-776.00;0.00;40,776.00
12.09.2021 11:00 - 12:00;ff;-47,031.00f;22,000.00f;0.00;0.00;25,031.00
12.09.2021 12:00 - 13:00;ff;-22,471.00f;22,000.00f;0.00;0.00;471.00
12.09.2021 13:00 - 14:00;ff;-62,000.00f;15,766.67f;-33,256.67;0.00;79,490.00
12.09.2021 14:00 - 15:00;ff;-62,000.00f;8,066.67f;-15,043.67;0.00;68,977.00
12.09.2021 15:00 - 16:00;ff;-62,000.00f;11,733.33f;-5,606.33;0.00;55,873.00
12.09.2021 16:00 - 17:00;ff;-62,000.00f;17,233.33f;-22,844.33;0.00;67,611.00
12.09.2021 17:00 - 18:00;ff;-62,000.00f;ff;-49,022.00;0.00;111,022.00
12.09.2021 18:00 - 19:00;ff;-62,000.00f;ff;-36,695.00;0.00;98,695.00
12.09.2021 19:00 - 20:00;ff;-144,000.00f;ff;-16,141.00;0.00;160,141.00
12.09.2021 20:00 - 21:00;ff;-144,000.00f;ff;-24,866.00;0.00;168,866.00
12.09.2021 21:00 - 22:00;ff;-144,000.00f;ff;-32,423.00;0.00;176,423.00
12.09.2021 22:00 - 23:00;ff;-114,000.00f;3,700.00f;-10,091.00;0.00;120,391.00
12.09.2021 23:00 - 24:00;ff;-92,000.00f;ff;-10,466.00;0.00;102,466.00
13.09.2021 00:00 - 01:00;ff;-40,000.00f;ff;-33,936.00;0.00;73,936.00
13.09.2021 01:00 - 02:00;ff;-40,000.00f;ff;-34,468.00;0.00;74,468.00
13.09.2021 02:00 - 03:00;ff;-40,000.00f;ff;-51,839.00;0.00;91,839.00
13.09.2021 03:00 - 04:00;ff;-40,000.00f;ff;-59,232.00;0.00;99,232.00
13.09.2021 04:00 - 05:00;ff;-40,000.00f;ff;-45,481.00;0.00;85,481.00
13.09.2021 05:00 - 06:00;ff;-40,000.00f;ff;-49,603.00;0.00;89,603.00
13.09.2021 06:00 - 07:00;ff;-40,000.00f;ff;-41,415.00;0.00;81,415.00
13.09.2021 07:00 - 08:00;ff;-87,000.00f;ff;-43,386.00;0.00;130,386.00
13.09.2021 08:00 - 09:00;ff;-60,000.00f;ff;-10,298.00;0.00;70,298.00
13.09.2021 09:00 - 10:00;ff;-87,000.00f;ff;-8,653.00;0.00;95,653.00
13.09.2021 10:00 - 11:00;ff;-67,000.00f;22,050.00f;-15,110.00;0.00;60,060.00
13.09.2021 11:00 - 12:00;ff;-67,000.00f;27,000.00f;-1,802.00;0.00;41,802.00
13.09.2021 12:00 - 13:00;ff;-67,000.00f;17,550.00f;-26,355.00;0.00;75,805.00
13.09.2021 13:00 - 14:00;ff;-40,000.00f;ff;-36,894.00;0.00;76,894.00
13.09.2021 14:00 - 15:00;ff;-40,000.00f;ff;-19,488.00;0.00;59,488.00
13.09.2021 15:00 - 16:00;ff;-40,000.00f;ff;-45,248.00;0.00;85,248.00
13.09.2021 16:00 - 17:00;ff;-40,000.00f;ff;-27,360.00;0.00;67,360.00
13.09.2021 17:00 - 18:00;ff;-40,000.00f;ff;-16,438.00;0.00;56,438.00
13.09.2021 18:00 - 19:00;ff;-40,000.00f;ff;-27,083.00;0.00;67,083.00
13.09.2021 19:00 - 20:00;ff;-40,000.00f;ff;-31,277.00;0.00;71,277.00
13.09.2021 20:00 - 21:00;ff;-40,000.00f;ff;-8,658.00;0.00;48,658.00
13.09.2021 21:00 - 22:00;ff;-40,000.00f;ff;-13,018.00;0.00;53,018.00
13.09.2021 22:00 - 23:00;ff;-40,000.00f;ff;-17,270.00;0.00;57,270.00
13.09.2021 23:00 - 24:00;ff;-40,000.00f;ff;-16,087.00;0.00;56,087.00
14.09.2021 00:00 - 01:00;ff;-20,000.00f;ff;-8,681.00;0.00;28,681.00
14.09.2021 01:00 - 02:00;ff;-20,000.00f;ff;-9,328.00;0.00;29,328.00
14.09.2021 02:00 - 03:00;ff;-20,000.00f;ff;-21,026.00;0.00;41,026.00
14.09.2021 03:00 - 04:00;ff;-20,000.00f;ff;-15,241.00;0.00;35,241.00
14.09.2021 04:00 - 05:00;ff;-20,000.00f;ff;-28,880.00;0.00;48,880.00
14.09.2021 05:00 - 06:00;ff;-20,000.00f;ff;-26,827.00;0.00;46,827.00
14.09.2021 06:00 - 07:00;ff;-20,000.00f;ff;-73,768.00;0.00;93,768.00
14.09.2021 07:00 - 08:00;ff;-144,000.00f;ff;-17,423.00;0.00;161,423.00
14.09.2021 08:00 - 09:00;ff;-144,000.00f;ff;-18,439.00;0.00;162,439.00
14.09.2021 09:00 - 10:00;ff;-67,000.00f;ff;-20,743.00;0.00;87,743.00
14.09.2021 10:00 - 11:00;ff;-67,000.00f;7,650.00f;-22,941.00;0.00;82,291.00
14.09.2021 11:00 - 12:00;ff;-67,000.00f;ff;-16,124.00;0.00;83,124.00
14.09.2021 12:00 - 13:00;ff;-40,000.00f;ff;-37,283.00;0.00;77,283.00
14.09.2021 13:00 - 14:00;ff;-40,000.00f;ff;-39,612.00;0.00;79,612.00
14.09.2021 14:00 - 15:00;ff;-40,000.00f;ff;-14,294.00;0.00;54,294.00
14.09.2021 15:00 - 16:00;ff;-40,000.00f;ff;-18,434.00;0.00;58,434.00
14.09.2021 16:00 - 17:00;ff;-126,000.00f;ff;-24,890.00;0.00;150,890.00
14.09.2021 17:00 - 18:00;ff;-62,457.00f;ff;-64,000.00;0.00;126,457.00
14.09.2021 18:00 - 19:00;ff;-60,000.00f;ff;-27,355.00;0.00;87,355.00
14.09.2021 19:00 - 20:00;ff;-60,000.00f;ff;-50,640.00;0.00;110,640.00
14.09.2021 20:00 - 21:00;ff;-60,000.00f;ff;-121,178.00;0.00;181,178.00
14.09.2021 21:00 - 22:00;ff;-60,000.00f;ff;-31,938.00;0.00;91,938.00
14.09.2021 22:00 - 23:00;ff;-59,118.00f;ff;0.00;0.00;59,118.00
14.09.2021 23:00 - 24:00;ff;-20,000.00f;ff;-13,671.00;0.00;33,671.00
15.09.2021 00:00 - 01:00;ff;-20,000.00f;ff;-25,202.00;0.00;45,202.00
15.09.2021 01:00 - 02:00;ff;-20,000.00f;ff;-106.00;0.00;20,106.00
15.09.2021 02:00 - 03:00;ff;-19,811.00f;ff;0.00;0.00;19,811.00
15.09.2021 03:00 - 04:00;ff;-19,810.00f;ff;0.00;0.00;19,810.00
15.09.2021 04:00 - 05:00;ff;-1,183.00f;ff;0.00;0.00;1,183.00
15.09.2021 05:00 - 06:00;ff;-20,000.00f;ff;-21,580.00;0.00;41,580.00
15.09.2021 06:00 - 07:00;ff;-40,000.00f;ff;-40,130.00;0.00;80,130.00
15.09.2021 07:00 - 08:00;ff;-144,000.00f;2,200.00f;-8,460.00;0.00;150,260.00
15.09.2021 08:00 - 09:00;ff;-144,000.00f;27,000.00f;-27,329.00;0.00;144,329.00
15.09.2021 09:00 - 10:00;ff;-62,000.00f;16,500.00f;-15,300.00;0.00;60,800.00
15.09.2021 10:00 - 11:00;ff;-66,528.00f;27,000.00f;0.00;0.00;39,528.00
15.09.2021 11:00 - 12:00;ff;-32,248.00f;27,000.00f;0.00;0.00;5,248.00
15.09.2021 12:00 - 13:00;ff;-30,271.00f;27,000.00f;0.00;0.00;3,271.00
15.09.2021 13:00 - 14:00;ff;-67,000.00f;27,000.00f;-19,266.00;0.00;59,266.00
15.09.2021 14:00 - 15:00;ff;-67,000.00f;27,000.00f;-14,552.00;0.00;54,552.00
15.09.2021 15:00 - 16:00;ff;-67,000.00f;14,400.00f;-9,105.00;0.00;61,705.00
15.09.2021 16:00 - 17:00;ff;-91,000.00f;51,000.00f;-12,520.00;0.00;52,520.00
15.09.2021 17:00 - 18:00;ff;-91,000.00f;150.00f;-39,564.00;0.00;130,414.00
15.09.2021 18:00 - 19:00;ff;-115,000.00f;ff;-58,380.00;0.00;173,380.00
15.09.2021 19:00 - 20:00;ff;-140,000.00f;ff;-53,337.00;0.00;193,337.00
15.09.2021 20:00 - 21:00;ff;-140,000.00f;ff;-10,132.00;0.00;150,132.00
15.09.2021 21:00 - 22:00;ff;-92,000.00f;ff;-44,234.00;0.00;136,234.00
15.09.2021 22:00 - 23:00;ff;-40,000.00f;ff;-8,307.00;0.00;48,307.00
15.09.2021 23:00 - 24:00;ff;-20,000.00f;ff;-605.00;0.00;20,605.00
16.09.2021 00:00 - 01:00;ff;-40,000.00f;ff;-21,760.00;0.00;61,760.00
16.09.2021 01:00 - 02:00;ff;-40,000.00f;ff;-213.00;0.00;40,213.00
16.09.2021 02:00 - 03:00;ff;-40,000.00f;ff;-16,586.00;0.00;56,586.00
16.09.2021 03:00 - 04:00;ff;-40,000.00f;14,000.00f;-13,048.00;0.00;39,048.00
16.09.2021 04:00 - 05:00;ff;-40,000.00f;ff;-13,924.00;0.00;53,924.00
16.09.2021 05:00 - 06:00;ff;-40,000.00f;20,000.00f;-69.00;0.00;20,069.00
16.09.2021 06:00 - 07:00;ff;-40,000.00f;ff;-63,340.00;0.00;103,340.00
16.09.2021 07:00 - 08:00;ff;-144,000.00f;ff;-13,727.00;0.00;157,727.00
16.09.2021 08:00 - 09:00;ff;-144,000.00f;ff;-10,512.00;0.00;154,512.00
16.09.2021 09:00 - 10:00;ff;-60,000.00f;8,333.33f;-30,365.33;0.00;82,032.00
16.09.2021 10:00 - 11:00;ff;-40,000.00f;ff;-25,882.00;0.00;65,882.00
16.09.2021 11:00 - 12:00;ff;-54,237.00f;26,000.00f;0.00;0.00;28,237.00
16.09.2021 12:00 - 13:00;ff;-26,723.00f;27,000.00f;0.00;-277.00;0.00
16.09.2021 13:00 - 14:00;ff;-20,956.00f;ff;0.00;0.00;20,956.00
16.09.2021 14:00 - 15:00;ff;-40,000.00f;ff;-34,069.00;0.00;74,069.00
16.09.2021 15:00 - 16:00;ff;-67,000.00f;24,750.00f;-44,975.00;0.00;87,225.00
16.09.2021 16:00 - 17:00;ff;-67,000.00f;ff;-47,909.00;0.00;114,909.00
16.09.2021 17:00 - 18:00;ff;-89,000.00f;ff;-31,304.00;0.00;120,304.00
16.09.2021 18:00 - 19:00;ff;-94,000.00f;ff;-51,327.00;0.00;145,327.00
16.09.2021 19:00 - 20:00;ff;-98,000.00f;ff;-77,116.00;0.00;175,116.00
16.09.2021 20:00 - 21:00;ff;-144,000.00f;ff;-5,540.00;0.00;149,540.00
16.09.2021 21:00 - 22:00;ff;-122,000.00f;ff;-41,548.00;0.00;163,548.00
16.09.2021 22:00 - 23:00;ff;-40,000.00f;ff;-398.00;0.00;40,398.00
16.09.2021 23:00 - 24:00;ff;-40,000.00f;ff;-24,199.00;0.00;64,199.00
17.09.2021 00:00 - 01:00;ff;-40,000.00f;ff;-59,663.00;0.00;99,663.00
17.09.2021 01:00 - 02:00;ff;-40,000.00f;ff;-18,563.00;0.00;58,563.00
17.09.2021 02:00 - 03:00;ff;-40,000.00f;ff;-42,660.00;0.00;82,660.00
17.09.2021 03:00 - 04:00;ff;-40,000.00f;ff;-48,206.00;0.00;88,206.00
17.09.2021 04:00 - 05:00;ff;-40,000.00f;ff;-1,950.00;0.00;41,950.00
17.09.2021 05:00 - 06:00;ff;-40,000.00f;ff;-36,802.00;0.00;76,802.00
17.09.2021 06:00 - 07:00;ff;-40,000.00f;ff;-48,963.00;0.00;88,963.00
17.09.2021 07:00 - 08:00;ff;-67,000.00f;ff;-35,768.00;0.00;102,768.00
17.09.2021 08:00 - 09:00;ff;-67,000.00f;ff;-34,714.00;0.00;101,714.00
17.09.2021 09:00 - 10:00;ff;-67,000.00f;7,200.00f;-22,066.00;0.00;81,866.00
17.09.2021 10:00 - 11:00;ff;-67,000.00f;27,000.00f;-12,076.00;0.00;52,076.00
17.09.2021 11:00 - 12:00;ff;-67,000.00f;13,950.00f;-6,271.00;0.00;59,321.00
17.09.2021 12:00 - 13:00;ff;-67,000.00f;27,000.00f;-34,326.00;0.00;74,326.00
17.09.2021 13:00 - 14:00;ff;-75,000.00f;ff;-35,714.00;0.00;110,714.00
17.09.2021 14:00 - 15:00;ff;-75,000.00f;21,583.33f;-35,176.33;0.00;88,593.00
17.09.2021 15:00 - 16:00;ff;-75,000.00f;ff;-27,583.00;0.00;102,583.00
17.09.2021 16:00 - 17:00;ff;-102,000.00f;ff;-52,789.00;0.00;154,789.00
17.09.2021 17:00 - 18:00;ff;-92,000.00f;ff;-39,817.00;0.00;131,817.00
17.09.2021 18:00 - 19:00;ff;-92,000.00f;ff;-17,549.00;0.00;109,549.00
17.09.2021 19:00 - 20:00;ff;-144,000.00f;ff;-52,036.00;0.00;196,036.00
17.09.2021 20:00 - 21:00;ff;-118,000.00f;37,700.00f;-13,210.00;0.00;93,510.00
17.09.2021 21:00 - 22:00;ff;-114,000.00f;ff;-15,785.00;0.00;129,785.00
17.09.2021 22:00 - 23:00;ff;-40,000.00f;ff;-16,992.00;0.00;56,992.00
17.09.2021 23:00 - 24:00;ff;-40,000.00f;9,000.00f;-9,156.00;0.00;40,156.00
18.09.2021 00:00 - 01:00;ff;-40,000.00f;ff;-51,901.00f;0.00;91,901.00
18.09.2021 01:00 - 02:00;ff;-40,000.00f;ff;-32,331.00f;0.00;72,331.00
18.09.2021 02:00 - 03:00;ff;-40,000.00f;ff;-5,498.00f;0.00;45,498.00
18.09.2021 03:00 - 04:00;ff;-40,000.00f;ff;-44,416.00f;0.00;84,416.00
18.09.2021 04:00 - 05:00;ff;-40,000.00f;ff;-8,399.00f;0.00;48,399.00
18.09.2021 05:00 - 06:00;ff;-40,000.00f;ff;-37,764.00f;0.00;77,764.00
18.09.2021 06:00 - 07:00;ff;-40,000.00f;ff;-38,540.00f;0.00;78,540.00
18.09.2021 07:00 - 08:00;ff;-40,000.00f;ff;-20,116.00f;0.00;60,116.00
18.09.2021 08:00 - 09:00;ff;-40,000.00f;ff;-44,656.00f;0.00;84,656.00
18.09.2021 09:00 - 10:00;ff;-40,000.00f;ff;-48,705.00f;0.00;88,705.00
18.09.2021 10:00 - 11:00;ff;-64,000.00f;ff;-55,029.00f;0.00;119,029.00
18.09.2021 11:00 - 12:00;ff;-64,000.00f;ff;-43,368.00f;0.00;107,368.00
18.09.2021 12:00 - 13:00;ff;-64,000.00f;ff;-61,517.00f;0.00;125,517.00
18.09.2021 13:00 - 14:00;ff;-64,000.00f;ff;-42,057.00f;0.00;106,057.00
18.09.2021 14:00 - 15:00;ff;-64,000.00f;ff;-40,652.00f;0.00;104,652.00
18.09.2021 15:00 - 16:00;ff;-64,000.00f;ff;-62,403.00f;0.00;126,403.00
18.09.2021 16:00 - 17:00;ff;-116,000.00f;ff;-30,510.00f;0.00;146,510.00
18.09.2021 17:00 - 18:00;ff;-116,000.00f;ff;-63,052.00f;0.00;179,052.00
18.09.2021 18:00 - 19:00;ff;-92,000.00f;ff;-43,145.00f;0.00;135,145.00
18.09.2021 19:00 - 20:00;ff;-137,000.00f;ff;-28,082.00f;0.00;165,082.00
18.09.2021 20:00 - 21:00;ff;-137,000.00f;ff;-10,913.00f;0.00;147,913.00
18.09.2021 21:00 - 22:00;ff;-137,000.00f;ff;-5,038.00f;0.00;142,038.00
18.09.2021 22:00 - 23:00;ff;-90,000.00f;15,833.33f;-6,591.33f;0.00;80,758.00
18.09.2021 23:00 - 24:00;ff;-90,000.00f;20,000.00f;-4,048.00f;0.00;74,048.00
19.09.2021 00:00 - 01:00;ff;-40,000.00f;ff;-56,022.00f;0.00;96,022.00
19.09.2021 01:00 - 02:00;ff;-40,000.00f;ff;-51,698.00f;0.00;91,698.00
19.09.2021 02:00 - 03:00;ff;-40,000.00f;ff;-4,075.00f;0.00;44,075.00
19.09.2021 03:00 - 04:00;ff;-40,000.00f;ff;-51,106.00f;0.00;91,106.00
19.09.2021 04:00 - 05:00;ff;-40,000.00f;ff;-63,193.00f;0.00;103,193.00
19.09.2021 05:00 - 06:00;ff;-40,000.00f;ff;-45,618.00f;0.00;85,618.00
19.09.2021 06:00 - 07:00;ff;-40,000.00f;ff;-43,455.00f;0.00;83,455.00
19.09.2021 07:00 - 08:00;ff;-67,000.00f;27,000.00f;-4,149.00f;0.00;44,149.00
19.09.2021 08:00 - 09:00;ff;-67,000.00f;21,600.00f;-24,510.00f;0.00;69,910.00
19.09.2021 09:00 - 10:00;ff;-67,000.00f;19,350.00f;-35,287.00f;0.00;82,937.00
19.09.2021 10:00 - 11:00;ff;-67,000.00f;17,100.00f;-11,879.00f;0.00;61,779.00
19.09.2021 11:00 - 12:00;ff;-67,000.00f;27,000.00f;-12,687.00f;0.00;52,687.00
19.09.2021 12:00 - 13:00;ff;-56,235.00f;27,000.00f;ff;0.00;29,235.00
19.09.2021 13:00 - 14:00;ff;-67,000.00f;15,300.00f;-45,099.00f;0.00;96,799.00
19.09.2021 14:00 - 15:00;ff;-67,000.00f;ff;-23,145.00f;0.00;90,145.00
19.09.2021 15:00 - 16:00;ff;-67,000.00f;7,200.00f;-15,728.00f;0.00;75,528.00
19.09.2021 16:00 - 17:00;ff;-117,000.00f;ff;-26,700.00f;0.00;143,700.00
19.09.2021 17:00 - 18:00;ff;-117,000.00f;ff;-34,665.00f;0.00;151,665.00
19.09.2021 18:00 - 19:00;ff;-92,000.00f;ff;-25,977.00f;0.00;117,977.00
19.09.2021 19:00 - 20:00;ff;-92,000.00f;ff;-29,617.00f;0.00;121,617.00
19.09.2021 20:00 - 21:00;ff;-144,000.00f;ff;-7,166.00f;0.00;151,166.00
19.09.2021 21:00 - 22:00;ff;-92,000.00f;ff;-19,139.00f;0.00;111,139.00
19.09.2021 22:00 - 23:00;ff;-72,000.00f;16,000.00f;-30,153.00f;0.00;86,153.00
19.09.2021 23:00 - 24:00;ff;-40,000.00f;ff;-44,972.00f;0.00;84,972.00
20.09.2021 00:00 - 01:00;ff;-40,000.00f;ff;-36,119.00;0.00;76,119.00
20.09.2021 01:00 - 02:00;ff;-40,000.00f;ff;-34,918.00;0.00;74,918.00
20.09.2021 02:00 - 03:00;ff;-40,000.00f;ff;-29,467.00;0.00;69,467.00
20.09.2021 03:00 - 04:00;ff;-40,000.00f;ff;-710.00;0.00;40,710.00
20.09.2021 04:00 - 05:00;ff;-40,000.00f;ff;-21,724.00;0.00;61,724.00
20.09.2021 05:00 - 06:00;ff;-40,000.00f;ff;-39,538.00;0.00;79,538.00
20.09.2021 06:00 - 07:00;ff;-40,000.00f;ff;-18,896.00;0.00;58,896.00
20.09.2021 07:00 - 08:00;ff;-82,000.00f;ff;-24,389.00;0.00;106,389.00
20.09.2021 08:00 - 09:00;ff;-110,000.00f;ff;-36,806.00;0.00;146,806.00
20.09.2021 09:00 - 10:00;ff;-60,000.00f;ff;-26,097.00;0.00;86,097.00
20.09.2021 10:00 - 11:00;ff;-67,000.00f;ff;-23,072.00;0.00;90,072.00
20.09.2021 11:00 - 12:00;ff;-67,000.00f;ff;-17,546.00;0.00;84,546.00
20.09.2021 12:00 - 13:00;ff;-67,000.00f;ff;-23,533.00;0.00;90,533.00
20.09.2021 13:00 - 14:00;ff;-67,000.00f;ff;-43,751.00;0.00;110,751.00
20.09.2021 14:00 - 15:00;ff;-67,000.00f;ff;-7,974.00;0.00;74,974.00
20.09.2021 15:00 - 16:00;ff;-40,000.00f;ff;-31,074.00;0.00;71,074.00
20.09.2021 16:00 - 17:00;ff;-40,000.00f;ff;-45,488.00;0.00;85,488.00
20.09.2021 17:00 - 18:00;ff;-40,000.00f;ff;-35,861.00;0.00;75,861.00
20.09.2021 18:00 - 19:00;ff;-40,000.00f;ff;-32,700.00;0.00;72,700.00
20.09.2021 19:00 - 20:00;ff;-40,000.00f;ff;-73,837.00;0.00;113,837.00
20.09.2021 20:00 - 21:00;ff;-144,000.00f;ff;-21,913.00;0.00;165,913.00
20.09.2021 21:00 - 22:00;ff;-40,000.00f;ff;-54,821.00;0.00;94,821.00
20.09.2021 22:00 - 23:00;ff;-40,000.00f;ff;-10,413.00;0.00;50,413.00
20.09.2021 23:00 - 24:00;ff;-40,000.00f;ff;-23,461.00;0.00;63,461.00
21.09.2021 00:00 - 01:00;ff;-40,000.00f;ff;-52,123.00f;0.00;92,123.00
21.09.2021 01:00 - 02:00;ff;-40,000.00f;ff;-39,095.00f;0.00;79,095.00
21.09.2021 02:00 - 03:00;ff;-40,000.00f;ff;-59,274.00f;0.00;99,274.00
21.09.2021 03:00 - 04:00;ff;-40,000.00f;ff;-29,300.00f;0.00;69,300.00
21.09.2021 04:00 - 05:00;ff;-40,000.00f;ff;-39,777.00f;0.00;79,777.00
21.09.2021 05:00 - 06:00;ff;-40,000.00f;ff;-39,188.00f;0.00;79,188.00
21.09.2021 06:00 - 07:00;ff;-40,000.00f;ff;-33,273.00f;0.00;73,273.00
21.09.2021 07:00 - 08:00;ff;-40,000.00f;ff;-24,144.00f;0.00;64,144.00
21.09.2021 08:00 - 09:00;ff;-40,000.00f;ff;-36,508.00f;0.00;76,508.00
21.09.2021 09:00 - 10:00;ff;-92,000.00f;ff;-34,088.00f;0.00;126,088.00
21.09.2021 10:00 - 11:00;ff;-40,000.00f;ff;-39,575.00f;0.00;79,575.00
21.09.2021 11:00 - 12:00;ff;-65,000.00f;ff;-55,084.00f;0.00;120,084.00
21.09.2021 12:00 - 13:00;ff;-40,000.00f;ff;-51,549.00f;0.00;91,549.00
21.09.2021 13:00 - 14:00;ff;-40,000.00f;ff;-43,548.00f;0.00;83,548.00
21.09.2021 14:00 - 15:00;ff;-40,000.00f;ff;-37,856.00f;0.00;77,856.00
21.09.2021 15:00 - 16:00;ff;-40,000.00f;ff;-49,463.00f;0.00;89,463.00
21.09.2021 16:00 - 17:00;ff;-40,000.00f;ff;-47,336.00f;0.00;87,336.00
21.09.2021 17:00 - 18:00;ff;-40,000.00f;ff;-31,332.00f;0.00;71,332.00
21.09.2021 18:00 - 19:00;ff;-40,000.00f;ff;-28,561.00f;0.00;68,561.00
21.09.2021 19:00 - 20:00;ff;-40,000.00f;ff;-42,495.00f;0.00;82,495.00
21.09.2021 20:00 - 21:00;ff;-40,000.00f;ff;-30,686.00f;0.00;70,686.00
21.09.2021 21:00 - 22:00;ff;-40,000.00f;ff;-39,390.00f;0.00;79,390.00
21.09.2021 22:00 - 23:00;ff;-40,000.00f;ff;-12,501.00f;0.00;52,501.00
21.09.2021 23:00 - 24:00;ff;-40,000.00f;ff;-29,522.00f;0.00;69,522.00
22.09.2021 00:00 - 01:00;ff;-40,000.00f;ff;-34,751.00;0.00;74,751.00
22.09.2021 01:00 - 02:00;ff;-40,000.00f;ff;-27,083.00;0.00;67,083.00
22.09.2021 02:00 - 03:00;ff;-40,000.00f;ff;-55,135.00;0.00;95,135.00
22.09.2021 03:00 - 04:00;ff;-40,000.00f;ff;-18,027.00;0.00;58,027.00
22.09.2021 04:00 - 05:00;ff;-40,000.00f;ff;-10,414.00;0.00;50,414.00
22.09.2021 05:00 - 06:00;ff;-40,000.00f;ff;-37,431.00;0.00;77,431.00
22.09.2021 06:00 - 07:00;ff;-40,000.00f;ff;-43,197.00;0.00;83,197.00
22.09.2021 07:00 - 08:00;ff;-40,000.00f;ff;-13,499.00;0.00;53,499.00
22.09.2021 08:00 - 09:00;ff;-60,000.00f;ff;-29,167.00;0.00;89,167.00
22.09.2021 09:00 - 10:00;ff;-112,000.00f;ff;-22,866.00;0.00;134,866.00
22.09.2021 10:00 - 11:00;ff;-40,000.00f;ff;-61,363.00;0.00;101,363.00
22.09.2021 11:00 - 12:00;ff;-40,000.00f;ff;-51,846.00;0.00;91,846.00
22.09.2021 12:00 - 13:00;ff;-40,000.00f;ff;-47,354.00;0.00;87,354.00
22.09.2021 13:00 - 14:00;ff;-40,000.00f;ff;-60,828.00;0.00;100,828.00
22.09.2021 14:00 - 15:00;ff;-40,000.00f;ff;-51,679.00;0.00;91,679.00
22.09.2021 15:00 - 16:00;ff;-40,000.00f;ff;-55,929.00;0.00;95,929.00
22.09.2021 16:00 - 17:00;ff;-40,000.00f;ff;-50,848.00;0.00;90,848.00
22.09.2021 17:00 - 18:00;ff;-40,000.00f;ff;-103,498.00;0.00;143,498.00
22.09.2021 18:00 - 19:00;ff;-40,000.00f;ff;-82,522.00;0.00;122,522.00
22.09.2021 19:00 - 20:00;ff;-40,000.00f;ff;-87,679.00;0.00;127,679.00
22.09.2021 20:00 - 21:00;ff;-40,000.00f;ff;-143,543.00;0.00;183,543.00
22.09.2021 21:00 - 22:00;ff;-40,000.00f;ff;-158,290.00;0.00;198,290.00
22.09.2021 22:00 - 23:00;ff;-40,000.00f;ff;-143,230.00;0.00;183,230.00
22.09.2021 23:00 - 24:00;ff;-40,000.00f;ff;-93,333.00;0.00;133,333.00
23.09.2021 00:00 - 01:00;ff;-40,000.00f;ff;-29,854.00;0.00;69,854.00
23.09.2021 01:00 - 02:00;ff;-40,000.00f;ff;-14,794.00;0.00;54,794.00
23.09.2021 02:00 - 03:00;ff;-40,000.00f;ff;-45,174.00;0.00;85,174.00
23.09.2021 03:00 - 04:00;ff;-40,000.00f;ff;-31,093.00;0.00;71,093.00
23.09.2021 04:00 - 05:00;ff;-40,000.00f;ff;-45,396.00;0.00;85,396.00
23.09.2021 05:00 - 06:00;ff;-40,000.00f;ff;-58,628.00;0.00;98,628.00
23.09.2021 06:00 - 07:00;ff;-40,000.00f;ff;-40,905.00;0.00;80,905.00
23.09.2021 07:00 - 08:00;ff;-40,000.00f;ff;-25,253.00;0.00;65,253.00
23.09.2021 08:00 - 09:00;ff;-40,000.00f;ff;-37,080.00;0.00;77,080.00
23.09.2021 09:00 - 10:00;ff;-40,000.00f;ff;-17,565.00;0.00;57,565.00
23.09.2021 10:00 - 11:00;ff;-40,000.00f;ff;-16,882.00;0.00;56,882.00
23.09.2021 11:00 - 12:00;ff;-103,000.00f;ff;-34,730.00;0.00;137,730.00
23.09.2021 12:00 - 13:00;ff;-98,000.00f;ff;-6,746.00;0.00;104,746.00
23.09.2021 13:00 - 14:00;ff;-40,000.00f;ff;-50,736.00;0.00;90,736.00
23.09.2021 14:00 - 15:00;ff;-40,000.00f;ff;-17,492.00;0.00;57,492.00
23.09.2021 15:00 - 16:00;ff;-40,000.00f;ff;-43,215.00;0.00;83,215.00
23.09.2021 16:00 - 17:00;ff;-40,000.00f;ff;-12,280.00;0.00;52,280.00
23.09.2021 17:00 - 18:00;ff;-40,000.00f;ff;-60,550.00;0.00;100,550.00
23.09.2021 18:00 - 19:00;ff;-40,000.00f;ff;-103,072.00;0.00;143,072.00
23.09.2021 19:00 - 20:00;ff;-40,000.00f;ff;-35,158.00;0.00;75,158.00
23.09.2021 20:00 - 21:00;ff;-40,000.00f;ff;-39,649.00;0.00;79,649.00
23.09.2021 21:00 - 22:00;ff;-40,000.00f;ff;-82,541.00;0.00;122,541.00
23.09.2021 22:00 - 23:00;ff;-40,000.00f;ff;-16,456.00;0.00;56,456.00
23.09.2021 23:00 - 24:00;ff;-40,000.00f;ff;-29,115.00;0.00;69,115.00
24.09.2021 00:00 - 01:00;ff;-20,000.00f;ff;-25,276.00f;0.00;45,276.00
24.09.2021 01:00 - 02:00;ff;-20,000.00f;ff;-1,622.00f;0.00;21,622.00
24.09.2021 02:00 - 03:00;ff;-20,000.00f;ff;-9,845.00f;0.00;29,845.00
24.09.2021 03:00 - 04:00;ff;-20,000.00f;ff;-17,773.00f;0.00;37,773.00
24.09.2021 04:00 - 05:00;ff;-20,000.00f;ff;-22,023.00f;0.00;42,023.00
24.09.2021 05:00 - 06:00;ff;-20,000.00f;ff;-28,086.00f;0.00;48,086.00
24.09.2021 06:00 - 07:00;ff;-20,150.00f;ff;-32,000.00f;0.00;52,150.00
24.09.2021 07:00 - 08:00;ff;-60,000.00f;ff;-16,248.00f;0.00;76,248.00
24.09.2021 08:00 - 09:00;ff;-60,000.00f;ff;-43,784.00f;0.00;103,784.00
24.09.2021 09:00 - 10:00;ff;-60,000.00f;ff;-57,810.00f;0.00;117,810.00
24.09.2021 10:00 - 11:00;ff;-60,000.00f;ff;-14,992.00f;0.00;74,992.00
24.09.2021 11:00 - 12:00;ff;-60,000.00f;ff;-37,353.00f;0.00;97,353.00
24.09.2021 12:00 - 13:00;ff;-60,000.00f;ff;-11,628.00f;0.00;71,628.00
24.09.2021 13:00 - 14:00;ff;-60,000.00f;ff;-54,354.00f;0.00;114,354.00
24.09.2021 14:00 - 15:00;ff;-60,000.00f;ff;-28,926.00f;0.00;88,926.00
24.09.2021 15:00 - 16:00;ff;-60,000.00f;ff;-1,520.00f;0.00;61,520.00
24.09.2021 16:00 - 17:00;ff;-60,000.00f;ff;-1,871.00f;0.00;61,871.00
24.09.2021 17:00 - 18:00;ff;-60,000.00f;ff;-26,228.00f;0.00;86,228.00
24.09.2021 18:00 - 19:00;ff;-60,000.00f;ff;-4,661.00f;0.00;64,661.00
24.09.2021 19:00 - 20:00;ff;-117,074.00f;ff;-96,000.00f;0.00;213,074.00
24.09.2021 20:00 - 21:00;ff;-135,425.00f;ff;-96,000.00f;0.00;231,425.00
24.09.2021 21:00 - 22:00;ff;-60,000.00f;ff;-81,151.00f;0.00;141,151.00
24.09.2021 22:00 - 23:00;ff;-60,000.00f;9,000.00f;-24,047.00f;0.00;75,047.00
24.09.2021 23:00 - 24:00;ff;-40,000.00f;ff;-13,481.00f;0.00;53,481.00
25.09.2021 00:00 - 01:00;ff;-40,000.00f;ff;-29,725.00f;0.00;69,725.00
25.09.2021 01:00 - 02:00;ff;-40,000.00f;ff;-4,056.00f;0.00;44,056.00
25.09.2021 02:00 - 03:00;ff;-40,000.00f;ff;-54,729.00f;0.00;94,729.00
25.09.2021 03:00 - 04:00;ff;-40,000.00f;ff;-24,329.00f;0.00;64,329.00
25.09.2021 04:00 - 05:00;ff;-40,000.00f;ff;-18,101.00f;0.00;58,101.00
25.09.2021 05:00 - 06:00;ff;-40,000.00f;ff;-60,771.00f;0.00;100,771.00
25.09.2021 06:00 - 07:00;ff;-40,000.00f;ff;-45,101.00f;0.00;85,101.00
25.09.2021 07:00 - 08:00;ff;-60,000.00f;ff;-9,041.00f;0.00;69,041.00
25.09.2021 08:00 - 09:00;ff;-60,000.00f;ff;-51,989.00f;0.00;111,989.00
25.09.2021 09:00 - 10:00;ff;-60,000.00f;ff;-45,151.00f;0.00;105,151.00
25.09.2021 10:00 - 11:00;ff;-60,000.00f;ff;-14,050.00f;0.00;74,050.00
25.09.2021 11:00 - 12:00;ff;-60,000.00f;ff;-65,645.00f;0.00;125,645.00
25.09.2021 12:00 - 13:00;ff;-60,000.00f;ff;-69,305.00f;0.00;129,305.00
25.09.2021 13:00 - 14:00;ff;-60,000.00f;ff;-55,425.00f;0.00;115,425.00
25.09.2021 14:00 - 15:00;ff;-60,000.00f;ff;-37,039.00f;0.00;97,039.00
25.09.2021 15:00 - 16:00;ff;-60,000.00f;ff;-95,066.00f;0.00;155,066.00
25.09.2021 16:00 - 17:00;ff;-60,000.00f;ff;-43,857.00f;0.00;103,857.00
25.09.2021 17:00 - 18:00;ff;-60,000.00f;ff;-95,491.00f;0.00;155,491.00
25.09.2021 18:00 - 19:00;ff;-60,000.00f;ff;-81,483.00f;0.00;141,483.00
25.09.2021 19:00 - 20:00;ff;-60,000.00f;ff;-78,212.00f;0.00;138,212.00
25.09.2021 20:00 - 21:00;ff;-60,000.00f;ff;-86,675.00f;0.00;146,675.00
25.09.2021 21:00 - 22:00;ff;-60,000.00f;ff;-91,555.00f;0.00;151,555.00
25.09.2021 22:00 - 23:00;ff;-60,000.00f;ff;-63,705.00f;0.00;123,705.00
25.09.2021 23:00 - 24:00;ff;-40,000.00f;ff;-16,937.00f;0.00;56,937.00
26.09.2021 00:00 - 01:00;ff;-40,000.00f;ff;-6,921.00f;0.00;46,921.00
26.09.2021 01:00 - 02:00;ff;-39,898.00f;ff;ff;0.00;39,898.00
26.09.2021 02:00 - 03:00;ff;-39,824.00f;ff;ff;0.00;39,824.00
26.09.2021 03:00 - 04:00;ff;-24,301.00f;ff;ff;0.00;24,301.00
26.09.2021 04:00 - 05:00;ff;-22,121.00f;ff;ff;0.00;22,121.00
26.09.2021 05:00 - 06:00;ff;-40,000.00f;ff;-27,248.00f;0.00;67,248.00
26.09.2021 06:00 - 07:00;ff;-40,000.00f;ff;-33,903.00f;0.00;73,903.00
26.09.2021 07:00 - 08:00;ff;-60,000.00f;ff;-7,729.00f;0.00;67,729.00
26.09.2021 08:00 - 09:00;ff;-60,000.00f;ff;-47,220.00f;0.00;107,220.00
26.09.2021 09:00 - 10:00;ff;-60,000.00f;ff;-42,121.00f;0.00;102,121.00
26.09.2021 10:00 - 11:00;ff;-60,000.00f;ff;-59,418.00f;0.00;119,418.00
26.09.2021 11:00 - 12:00;ff;-45,535.00f;ff;ff;0.00;45,535.00
26.09.2021 12:00 - 13:00;185.00f;ff;ff;ff;-185.00;0.00
26.09.2021 13:00 - 14:00;259.00f;ff;ff;ff;-259.00;0.00
26.09.2021 14:00 - 15:00;166.00f;ff;ff;ff;-166.00;0.00
26.09.2021 15:00 - 16:00;204.00f;ff;ff;ff;-204.00;0.00
26.09.2021 16:00 - 17:00;ff;-17,002.00f;ff;ff;0.00;17,002.00
26.09.2021 17:00 - 18:00;ff;-60,000.00f;ff;-40,272.00f;0.00;100,272.00
26.09.2021 18:00 - 19:00;ff;-144,000.00f;ff;-40,006.00f;0.00;184,006.00
26.09.2021 19:00 - 20:00;ff;-92,000.00f;ff;-85,703.00f;0.00;177,703.00
26.09.2021 20:00 - 21:00;ff;-144,000.00f;ff;-38,232.00f;0.00;182,232.00
26.09.2021 21:00 - 22:00;ff;-144,000.00f;ff;-5,133.00f;0.00;149,133.00
26.09.2021 22:00 - 23:00;ff;-113,000.00f;5,300.00f;-10,443.00f;0.00;118,143.00
26.09.2021 23:00 - 24:00;ff;-40,000.00f;ff;-35,657.00f;0.00;75,657.00
27.09.2021 00:00 - 01:00;ff;-36,812.00f;ff;ff;0.00;36,812.00
27.09.2021 01:00 - 02:00;ff;-40,000.00f;ff;-102.00f;0.00;40,102.00
27.09.2021 02:00 - 03:00;ff;-40,000.00f;ff;-1,137.00f;0.00;41,137.00
27.09.2021 03:00 - 04:00;ff;-17,279.00f;ff;ff;0.00;17,279.00
27.09.2021 04:00 - 05:00;ff;-30,824.00f;ff;ff;0.00;30,824.00
27.09.2021 05:00 - 06:00;ff;-40,000.00f;ff;-36,230.00f;0.00;76,230.00
27.09.2021 06:00 - 07:00;ff;-40,000.00f;ff;-63,285.00f;0.00;103,285.00
27.09.2021 07:00 - 08:00;ff;-40,000.00f;ff;-28,024.00f;0.00;68,024.00
27.09.2021 08:00 - 09:00;ff;-31,287.00f;ff;ff;0.00;31,287.00
27.09.2021 09:00 - 10:00;ff;-37,921.00f;ff;ff;0.00;37,921.00
27.09.2021 10:00 - 11:00;ff;-31,896.00f;ff;ff;0.00;31,896.00
27.09.2021 11:00 - 12:00;ff;-40,000.00f;ff;-823.00f;0.00;40,823.00
27.09.2021 12:00 - 13:00;ff;-40,000.00f;ff;-29,540.00f;0.00;69,540.00
27.09.2021 13:00 - 14:00;ff;-40,000.00f;ff;-43,622.00f;0.00;83,622.00
27.09.2021 14:00 - 15:00;ff;-40,000.00f;ff;-2,615.00f;0.00;42,615.00
27.09.2021 15:00 - 16:00;ff;-40,000.00f;ff;-35,971.00f;0.00;75,971.00
27.09.2021 16:00 - 17:00;ff;-144,000.00f;24,266.67f;-9,053.67f;0.00;128,787.00
27.09.2021 17:00 - 18:00;ff;-77,000.00f;ff;-37,854.00f;0.00;114,854.00
27.09.2021 18:00 - 19:00;ff;-77,000.00f;ff;-51,879.00f;0.00;128,879.00
27.09.2021 19:00 - 20:00;ff;-144,000.00f;ff;-13,709.00f;0.00;157,709.00
27.09.2021 20:00 - 21:00;ff;-144,000.00f;ff;-33,278.00f;0.00;177,278.00
27.09.2021 21:00 - 22:00;ff;-144,000.00f;ff;-30,266.00f;0.00;174,266.00
27.09.2021 22:00 - 23:00;ff;-60,000.00f;3,666.67f;-34,551.67f;0.00;90,885.00
27.09.2021 23:00 - 24:00;ff;-40,000.00f;ff;-28,376.00f;0.00;68,376.00
28.09.2021 00:00 - 01:00;ff;-20,000.00f;ff;-27,235.00;0.00;47,235.00
28.09.2021 01:00 - 02:00;ff;-20,000.00f;ff;-21,654.00;0.00;41,654.00
28.09.2021 02:00 - 03:00;ff;-20,000.00f;ff;-31,947.00;0.00;51,947.00
28.09.2021 03:00 - 04:00;ff;-20,000.00f;ff;-28,122.00;0.00;48,122.00
28.09.2021 04:00 - 05:00;ff;-20,000.00f;ff;-31,633.00;0.00;51,633.00
28.09.2021 05:00 - 06:00;ff;-20,000.00f;ff;-31,966.00;0.00;51,966.00
28.09.2021 06:00 - 07:00;ff;-20,000.00f;ff;-33,648.00;0.00;53,648.00
28.09.2021 07:00 - 08:00;ff;-80,000.00f;ff;-43,520.00;0.00;123,520.00
28.09.2021 08:00 - 09:00;ff;-80,000.00f;ff;-110,048.00;0.00;190,048.00
28.09.2021 09:00 - 10:00;ff;-144,000.00f;19,600.00f;-10,652.00;0.00;135,052.00
28.09.2021 10:00 - 11:00;ff;-103,761.67f;37,566.67f;0.00;0.00;66,195.00
28.09.2021 11:00 - 12:00;ff;-59,839.00f;ff;0.00;0.00;59,839.00
28.09.2021 12:00 - 13:00;ff;-443.00f;ff;0.00;0.00;443.00
28.09.2021 13:00 - 14:00;203.00f;ff;ff;0.00;-203.00;0.00
28.09.2021 14:00 - 15:00;296.00f;ff;ff;0.00;-296.00;0.00
28.09.2021 15:00 - 16:00;ff;-462.00f;ff;0.00;0.00;462.00
28.09.2021 16:00 - 17:00;ff;-144,000.00f;ff;-27,790.00;0.00;171,790.00
28.09.2021 17:00 - 18:00;ff;-110,000.00f;ff;-39,374.00;0.00;149,374.00
28.09.2021 18:00 - 19:00;ff;-60,000.00f;ff;-102,993.00;0.00;162,993.00
28.09.2021 19:00 - 20:00;ff;-144,000.00f;ff;-77,427.00;0.00;221,427.00
28.09.2021 20:00 - 21:00;ff;-144,000.00f;ff;-39,710.00;0.00;183,710.00
28.09.2021 21:00 - 22:00;ff;-144,000.00f;ff;-51,186.00;0.00;195,186.00
28.09.2021 22:00 - 23:00;ff;-144,000.00f;ff;-28,918.00;0.00;172,918.00
28.09.2021 23:00 - 24:00;ff;-40,000.00f;3,333.33f;-48,729.33;0.00;85,396.00
29.09.2021 00:00 - 01:00;ff;-20,000.00f;ff;-19,326.00;0.00;39,326.00
29.09.2021 01:00 - 02:00;ff;-20,000.00f;ff;-19,529.00;0.00;39,529.00
29.09.2021 02:00 - 03:00;ff;-20,000.00f;ff;-14,206.00;0.00;34,206.00
29.09.2021 03:00 - 04:00;ff;-20,000.00f;ff;-8,293.00;0.00;28,293.00
29.09.2021 04:00 - 05:00;ff;-20,000.00f;ff;-10,640.00;0.00;30,640.00
29.09.2021 05:00 - 06:00;ff;-20,000.00f;ff;-23,870.00;0.00;43,870.00
29.09.2021 06:00 - 07:00;ff;-20,000.00f;ff;-24,168.00;0.00;44,168.00
29.09.2021 07:00 - 08:00;ff;-109,000.00f;ff;-40,558.00;0.00;149,558.00
29.09.2021 08:00 - 09:00;ff;-109,000.00f;ff;-52,645.00;0.00;161,645.00
29.09.2021 09:00 - 10:00;ff;-92,000.00f;ff;-31,114.00;0.00;123,114.00
29.09.2021 10:00 - 11:00;ff;-60,000.00f;ff;-42,231.00;0.00;102,231.00
29.09.2021 11:00 - 12:00;ff;-60,000.00f;ff;-12,239.00;0.00;72,239.00
29.09.2021 12:00 - 13:00;ff;-60,000.00f;ff;-22,679.00;0.00;82,679.00
29.09.2021 13:00 - 14:00;ff;-60,000.00f;ff;-79,765.00;0.00;139,765.00
29.09.2021 14:00 - 15:00;ff;-60,000.00f;ff;-38,498.00;0.00;98,498.00
29.09.2021 15:00 - 16:00;ff;-60,000.00f;ff;-15,435.00;0.00;75,435.00
29.09.2021 16:00 - 17:00;ff;-91,000.00f;ff;-5,910.00;0.00;96,910.00
29.09.2021 17:00 - 18:00;ff;-131,000.00f;ff;-43,506.00;0.00;174,506.00
29.09.2021 18:00 - 19:00;ff;-104,000.00f;ff;-73,889.00;0.00;177,889.00
29.09.2021 19:00 - 20:00;ff;-144,000.00f;ff;-37,067.00;0.00;181,067.00
29.09.2021 20:00 - 21:00;ff;-144,000.00f;ff;-46,288.00;0.00;190,288.00
29.09.2021 21:00 - 22:00;ff;-144,000.00f;ff;-71,994.00;0.00;215,994.00
29.09.2021 22:00 - 23:00;ff;-71,000.00f;ff;-112,969.00;0.00;183,969.00
29.09.2021 23:00 - 24:00;ff;-20,000.00f;ff;-17,902.00;0.00;37,902.00
30.09.2021 00:00 - 01:00;ff;-20,000.00f;ff;-22,042.00;0.00;42,042.00
30.09.2021 01:00 - 02:00;ff;-20,000.00f;ff;-25,017.00;0.00;45,017.00
30.09.2021 02:00 - 03:00;ff;-19,903.00f;ff;0.00;0.00;19,903.00
30.09.2021 03:00 - 04:00;ff;-16,281.00f;ff;0.00;0.00;16,281.00
30.09.2021 04:00 - 05:00;ff;-20,000.00f;ff;-2,361.00;0.00;22,361.00
30.09.2021 05:00 - 06:00;ff;-20,000.00f;ff;-22,708.00;0.00;42,708.00
30.09.2021 06:00 - 07:00;ff;-20,000.00f;ff;-58,428.00;0.00;78,428.00
30.09.2021 07:00 - 08:00;ff;-134,000.00f;ff;-49,063.00;0.00;183,063.00
30.09.2021 08:00 - 09:00;ff;-144,000.00f;ff;-23,595.00;0.00;167,595.00
30.09.2021 09:00 - 10:00;ff;-60,000.00f;ff;-4,958.00;0.00;64,958.00
30.09.2021 10:00 - 11:00;ff;-34,728.00f;20,000.00f;0.00;0.00;14,728.00
30.09.2021 11:00 - 12:00;ff;-41,400.00f;20,000.00f;0.00;0.00;21,400.00
30.09.2021 12:00 - 13:00;ff;-34,728.00f;20,000.00f;0.00;0.00;14,728.00
30.09.2021 13:00 - 14:00;ff;-60,000.00f;20,000.00f;-31,111.00;0.00;71,111.00
30.09.2021 14:00 - 15:00;ff;-60,000.00f;20,000.00f;-934.00;0.00;40,934.00
30.09.2021 15:00 - 16:00;ff;-23,382.00f;20,000.00f;0.00;0.00;3,382.00
30.09.2021 16:00 - 17:00;ff;-68,681.00f;31,000.00f;0.00;0.00;37,681.00
30.09.2021 17:00 - 18:00;ff;-91,000.00f;8,266.67f;-89,481.67;0.00;172,215.00
30.09.2021 18:00 - 19:00;ff;-102,000.00f;ff;-40,129.00;0.00;142,129.00
30.09.2021 19:00 - 20:00;ff;-134,000.00f;ff;-74,824.00;0.00;208,824.00
30.09.2021 20:00 - 21:00;ff;-134,000.00f;ff;-40,766.00;0.00;174,766.00
30.09.2021 21:00 - 22:00;ff;-134,000.00f;ff;-9,183.00;0.00;143,183.00
30.09.2021 22:00 - 23:00;ff;-110,000.00f;ff;-26,752.00;0.00;136,752.00
30.09.2021 23:00 - 24:00;ff;-20,000.00f;ff;-42,889.00;0.00;62,889.00
